group,n,rmse,mae,bias,r2
overall,5616,0.928013159572275,0.7118937944088318,-0.18465305762108264,0.3590948230772836
