target_chembl_id,n,rmse,mae,bias,r2,target_name
CHEMBL228,1358,1.084844639299141,0.8501414726804124,-0.43239763895434463,0.27941500712979106,Sodium-dependent serotonin transporter
CHEMBL224,1004,0.9544387768451933,0.7037533071713148,-0.13639655239043824,0.21901487005371556,5-hydroxytryptamine receptor 2A
CHEMBL217,931,0.866595931599812,0.6517886833512352,-0.1006280485499463,0.2840193123368163,D(2) dopamine receptor
CHEMBL238,874,0.8451684132719548,0.6601579295194508,-0.02700441258581236,0.4244862255833536,Sodium-dependent dopamine transporter
CHEMBL222,849,0.8415088649018256,0.6757836560659599,-0.25005376442873967,0.44869302395102917,Sodium-dependent noradrenaline transporter
CHEMBL214,600,0.8155265909615653,0.6323358175,0.027847960833333345,0.5097187380419801,5-hydroxytryptamine receptor 1A
